BMI_Index,Female_Count,Male_Count,Female_Proportion,Male_Proportion
1,54,274,0.16463414634146342,0.8353658536585366
2,2012,3099,0.39366073175503813,0.6063392682449619
3,2327,1466,0.6134985499604535,0.38650145003954656
4,561,157,0.7813370473537604,0.21866295264623956
5,46,4,0.92,0.08
